[
  {
    "baseType": 3,
    "name": "app",
    "defaultValue": "",
    "description": "",
    "helpText": "",
    "isSystem": false,
    "minLength": 0,
    "maxLength": 200,
    "validationRegex": "",
    "isValidate": false,
    "uuid": "4a4ebea8-916d-468e-a445-3838f3191ae5"
  },
  {
    "baseType": 3,
    "name": "count",
    "defaultValue": "",
    "description": "",
    "helpText": "",
    "isSystem": false,
    "minLength": 0,
    "maxLength": 30,
    "validationRegex": "",
    "isValidate": false,
    "uuid": "1b12c413-5cc2-4a2d-94e4-4b61531ecd15"
  },
  {
    "baseType": 3,
    "name": "dip",
    "defaultValue": "",
    "description": "",
    "helpText": "",
    "isSystem": false,
    "minLength": 0,
    "maxLength": 100,
    "validationRegex": "",
    "isValidate": false,
    "uuid": "712504a4-361e-42b6-979e-6f6f0671c340"
  },
  {
    "baseType": 3,
    "name": "dLabels",
    "defaultValue": "",
    "description": "",
    "helpText": "",
    "isSystem": false,
    "minLength": 0,
    "maxLength": 3000,
    "validationRegex": "",
    "isValidate": false,
    "uuid": "fdd1df75-83f8-4486-9a12-9fdfad83ec2a"
  },
  {
    "baseType": 3,
    "name": "dwlLabels",
    "defaultValue": "",
    "description": "",
    "helpText": "",
    "isSystem": false,
    "minLength": 0,
    "maxLength": 3000,
    "validationRegex": "",
    "isValidate": false,
    "uuid": "be442b7c-16dc-4d53-a73a-6ed9d461b808"
  },
  {
    "baseType": 3,
    "name": "dwlLabels.AppFunc",
    "defaultValue": "",
    "description": "",
    "helpText": "",
    "isSystem": false,
    "minLength": 0,
    "maxLength": 3000,
    "validationRegex": "",
    "isValidate": false,
    "uuid": "26ac4055-cfd9-448e-bae1-e0e9fa6ca375"
  },
  {
    "baseType": 3,
    "name": "dwlLabels.AppID",
    "defaultValue": "",
    "description": "",
    "helpText": "",
    "isSystem": false,
    "minLength": 0,
    "maxLength": 300,
    "validationRegex": "",
    "isValidate": false,
    "uuid": "131a2329-229d-4904-b880-145a894e6a0b"
  },
  {
    "baseType": 3,
    "name": "dwlLabels.AppName",
    "defaultValue": "",
    "description": "",
    "helpText": "",
    "isSystem": false,
    "minLength": 0,
    "maxLength": 300,
    "validationRegex": "",
    "isValidate": false,
    "uuid": "7e32f6b6-74ed-4e39-9a96-4adca5619ba2"
  },
  {
    "baseType": 3,
    "name": "dwlLabels.AppOwner",
    "defaultValue": "",
    "description": "",
    "helpText": "",
    "isSystem": false,
    "minLength": 0,
    "maxLength": 300,
    "validationRegex": "",
    "isValidate": false,
    "uuid": "5bea4422-bd66-4da7-a694-8283cd8301a5"
  },
  {
    "baseType": 3,
    "name": "dwlLabels.Criticality",
    "defaultValue": "",
    "description": "",
    "helpText": "",
    "isSystem": false,
    "minLength": 0,
    "maxLength": 300,
    "validationRegex": "",
    "isValidate": false,
    "uuid": "015c1843-66e3-4399-abfe-4df93e3bbf96"
  },
  {
    "baseType": 3,
    "name": "dwlLabels.PCI",
    "defaultValue": "",
    "description": "",
    "helpText": "",
    "isSystem": false,
    "minLength": 0,
    "maxLength": 300,
    "validationRegex": "",
    "isValidate": false,
    "uuid": "1aaff650-2f1f-4472-8f91-fe40b60dc847"
  },
  {
    "baseType": 3,
    "name": "dwlLabels.PII",
    "defaultValue": "",
    "description": "",
    "helpText": "",
    "isSystem": false,
    "minLength": 0,
    "maxLength": 300,
    "validationRegex": "",
    "isValidate": false,
    "uuid": "9f661226-0136-4f29-989a-ffdf87006934"
  },
  {
    "baseType": 3,
    "name": "dwlLabels.QualysAgent",
    "defaultValue": "",
    "description": "",
    "helpText": "",
    "isSystem": false,
    "minLength": 0,
    "maxLength": 300,
    "validationRegex": "",
    "isValidate": false,
    "uuid": "df52ff9e-24fb-4e66-b6b0-aca931a3182e"
  },
  {
    "baseType": 3,
    "name": "dwlLabels.Realm",
    "defaultValue": "",
    "description": "",
    "helpText": "",
    "isSystem": false,
    "minLength": 0,
    "maxLength": 300,
    "validationRegex": "",
    "isValidate": false,
    "uuid": "44da5e40-2382-4787-9d5d-022b6038bcf7"
  },
  {
    "baseType": 3,
    "name": "dwlLabels.Region",
    "defaultValue": "",
    "description": "",
    "helpText": "",
    "isSystem": false,
    "minLength": 0,
    "maxLength": 30,
    "validationRegex": "",
    "isValidate": false,
    "uuid": "292b8131-233c-466e-a666-5af7e11fbee7"
  },
  {
    "baseType": 3,
    "name": "dwlLabels.RTO",
    "defaultValue": "",
    "description": "",
    "helpText": "",
    "isSystem": false,
    "minLength": 0,
    "maxLength": 300,
    "validationRegex": "",
    "isValidate": false,
    "uuid": "e616f34c-5d70-4083-b02b-040fc72cdbbf"
  },
  {
    "baseType": 3,
    "name": "dwlLabels.System",
    "defaultValue": "",
    "description": "",
    "helpText": "",
    "isSystem": false,
    "minLength": 0,
    "maxLength": 300,
    "validationRegex": "",
    "isValidate": false,
    "uuid": "2e3a541a-606c-4db2-a70b-85cb57f5cb55"
  },
  {
    "baseType": 3,
    "name": "dwlLabels.TaniumAgent",
    "defaultValue": "",
    "description": "",
    "helpText": "",
    "isSystem": false,
    "minLength": 0,
    "maxLength": 300,
    "validationRegex": "",
    "isValidate": false,
    "uuid": "da12cb06-1bde-4b21-a992-1c8f504d6dee"
  },
  {
    "baseType": 3,
    "name": "end_time",
    "defaultValue": "",
    "description": "",
    "helpText": "",
    "isSystem": false,
    "minLength": 0,
    "maxLength": 100,
    "validationRegex": "",
    "isValidate": false,
    "uuid": "a8bef1dd-0c4f-4b8a-a94d-78863851d744"
  },
  {
    "baseType": 3,
    "name": "link",
    "defaultValue": "",
    "description": "",
    "helpText": "",
    "isSystem": false,
    "minLength": 0,
    "maxLength": 2000,
    "validationRegex": "",
    "isValidate": false,
    "uuid": "02d64de2-9e10-419b-bcc6-48d5932d3e95"
  },
  {
    "baseType": 3,
    "name": "matched_chain",
    "defaultValue": "",
    "description": "",
    "helpText": "",
    "isSystem": false,
    "minLength": 0,
    "maxLength": 3000,
    "validationRegex": "",
    "isValidate": false,
    "uuid": "b0b96083-ba58-4570-bd02-23a1ae39d7fc"
  },
  {
    "baseType": 3,
    "name": "matched_rule",
    "defaultValue": "",
    "description": "",
    "helpText": "",
    "isSystem": false,
    "minLength": 0,
    "maxLength": 3000,
    "validationRegex": "",
    "isValidate": false,
    "uuid": "0bcad4ca-0d8c-4f63-a30d-45d91124b31f"
  },
  {
    "baseType": 3,
    "name": "matching_policy",
    "defaultValue": "",
    "description": "",
    "helpText": "",
    "isSystem": false,
    "minLength": 0,
    "maxLength": 300,
    "validationRegex": "",
    "isValidate": false,
    "uuid": "78c8a861-1fa5-4ce5-beae-852c6640e335"
  },
  {
    "baseType": 3,
    "name": "service",
    "defaultValue": "",
    "description": "",
    "helpText": "",
    "isSystem": false,
    "minLength": 0,
    "maxLength": 300,
    "validationRegex": "",
    "isValidate": false,
    "uuid": "e48d60df-8eec-41ef-8535-d5df28d13dbe"
  },
  {
    "baseType": 3,
    "name": "sgroups",
    "defaultValue": "",
    "description": "",
    "helpText": "",
    "isSystem": false,
    "minLength": 0,
    "maxLength": 300,
    "validationRegex": "",
    "isValidate": false,
    "uuid": "72e66b09-c2ba-4917-9ec8-f815863d94f6"
  },
  {
    "baseType": 3,
    "name": "sip",
    "defaultValue": "",
    "description": "",
    "helpText": "",
    "isSystem": false,
    "minLength": 0,
    "maxLength": 300,
    "validationRegex": "",
    "isValidate": false,
    "uuid": "08af1653-7b32-42fd-a6ee-0e52a02091cf"
  },
  {
    "baseType": 3,
    "name": "sLabels",
    "defaultValue": "",
    "description": "",
    "helpText": "",
    "isSystem": false,
    "minLength": 0,
    "maxLength": 300,
    "validationRegex": "",
    "isValidate": false,
    "uuid": "3bf49ad3-c191-41b3-baf1-1894b462c61b"
  },
  {
    "baseType": 3,
    "name": "src_app",
    "defaultValue": "",
    "description": "",
    "helpText": "",
    "isSystem": false,
    "minLength": 0,
    "maxLength": 2000,
    "validationRegex": "",
    "isValidate": false,
    "uuid": "ea0d3b8c-a55e-48be-8876-e6b08aefd958"
  },
  {
    "baseType": 3,
    "name": "start_time",
    "defaultValue": "",
    "description": "",
    "helpText": "",
    "isSystem": false,
    "minLength": 0,
    "maxLength": 300,
    "validationRegex": "",
    "isValidate": false,
    "uuid": "d0172d0e-7334-4aea-a8f8-122a14e95121"
  },
  {
    "baseType": 3,
    "name": "swlLabels",
    "defaultValue": "",
    "description": "",
    "helpText": "",
    "isSystem": false,
    "minLength": 0,
    "maxLength": 3000,
    "validationRegex": "",
    "isValidate": false,
    "uuid": "ce268372-9d8c-4842-b850-7f9974ea8503"
  },
  {
    "baseType": 3,
    "name": "swlLabels.AppFunc",
    "defaultValue": "",
    "description": "",
    "helpText": "",
    "isSystem": false,
    "minLength": 0,
    "maxLength": 300,
    "validationRegex": "",
    "isValidate": false,
    "uuid": "e24ede8d-0eda-4a39-9946-d0977a374a5e"
  },
  {
    "baseType": 3,
    "name": "swlLabels.AppID",
    "defaultValue": "",
    "description": "",
    "helpText": "",
    "isSystem": false,
    "minLength": 0,
    "maxLength": 300,
    "validationRegex": "",
    "isValidate": false,
    "uuid": "6ed7c1ca-da7c-46c2-9656-f35d13b5a591"
  },
  {
    "baseType": 3,
    "name": "swlLabels.AppName",
    "defaultValue": "",
    "description": "",
    "helpText": "",
    "isSystem": false,
    "minLength": 0,
    "maxLength": 300,
    "validationRegex": "",
    "isValidate": false,
    "uuid": "dee8bb4e-1a6f-4af6-87a4-f7277c12d335"
  },
  {
    "baseType": 3,
    "name": "swlLabels.AppOwner",
    "defaultValue": "",
    "description": "",
    "helpText": "",
    "isSystem": false,
    "minLength": 0,
    "maxLength": 300,
    "validationRegex": "",
    "isValidate": false,
    "uuid": "a07e13b4-efdd-4e97-a352-d0e9a6eec70f"
  },
  {
    "baseType": 3,
    "name": "swlLabels.Criticality",
    "defaultValue": "",
    "description": "",
    "helpText": "",
    "isSystem": false,
    "minLength": 0,
    "maxLength": 300,
    "validationRegex": "",
    "isValidate": false,
    "uuid": "662b57ef-09e6-40f1-9835-c8ce714f085d"
  },
  {
    "baseType": 3,
    "name": "swlLabels.PCI",
    "defaultValue": "",
    "description": "",
    "helpText": "",
    "isSystem": false,
    "minLength": 0,
    "maxLength": 300,
    "validationRegex": "",
    "isValidate": false,
    "uuid": "f0b87014-c290-4cb5-8ca8-7389a8b4ba33"
  },
  {
    "baseType": 3,
    "name": "swlLabels.PII",
    "defaultValue": "",
    "description": "",
    "helpText": "",
    "isSystem": false,
    "minLength": 0,
    "maxLength": 300,
    "validationRegex": "",
    "isValidate": false,
    "uuid": "915db31b-6126-4d19-b9cf-b151003a0a29"
  },
  {
    "baseType": 3,
    "name": "swlLabels.QualysAgent",
    "defaultValue": "",
    "description": "",
    "helpText": "",
    "isSystem": false,
    "minLength": 0,
    "maxLength": 300,
    "validationRegex": "",
    "isValidate": false,
    "uuid": "66044879-0be7-45c9-b5d7-466b53960677"
  },
  {
    "baseType": 3,
    "name": "swlLabels.Realm",
    "defaultValue": "",
    "description": "",
    "helpText": "",
    "isSystem": false,
    "minLength": 0,
    "maxLength": 300,
    "validationRegex": "",
    "isValidate": false,
    "uuid": "2c1d4fa8-f482-498e-8102-e992c9b7a63f"
  },
  {
    "baseType": 3,
    "name": "swlLabels.Region",
    "defaultValue": "",
    "description": "",
    "helpText": "",
    "isSystem": false,
    "minLength": 0,
    "maxLength": 300,
    "validationRegex": "",
    "isValidate": false,
    "uuid": "4be11728-83c1-414c-82a8-3c485e884cef"
  },
  {
    "baseType": 3,
    "name": "swlLabels.RTO",
    "defaultValue": "",
    "description": "",
    "helpText": "",
    "isSystem": false,
    "minLength": 0,
    "maxLength": 300,
    "validationRegex": "",
    "isValidate": false,
    "uuid": "5676ffd4-499b-453e-aaa7-02556c99f517"
  },
  {
    "baseType": 3,
    "name": "swlLabels.System",
    "defaultValue": "",
    "description": "",
    "helpText": "",
    "isSystem": false,
    "minLength": 0,
    "maxLength": 300,
    "validationRegex": "",
    "isValidate": false,
    "uuid": "2c56cf65-25fd-4b5c-8a28-4744fae6de0a"
  },
  {
    "baseType": 3,
    "name": "swlLabels.TaniumAgent",
    "defaultValue": "",
    "description": "",
    "helpText": "",
    "isSystem": false,
    "minLength": 0,
    "maxLength": 300,
    "validationRegex": "",
    "isValidate": false,
    "uuid": "ffa1072d-7042-4735-a721-2ccb3acea601"
  }
]