[
  {
    "baseType": 3,
    "name": "app",
    "defaultValue": "",
    "description": "The application name.",
    "helpText": "",
    "isSystem": false,
    "minLength": 0,
    "maxLength": 200,
    "validationRegex": "",
    "isValidate": false,
    "uuid": "4a4ebea8-916d-468e-a445-3838f3191ae5"
  },
  {
    "baseType": 3,
    "name": "count",
    "defaultValue": "",
    "description": "A count of the affected entries.",
    "helpText": "",
    "isSystem": false,
    "minLength": 0,
    "maxLength": 30,
    "validationRegex": "",
    "isValidate": false,
    "uuid": "1b12c413-5cc2-4a2d-94e4-4b61531ecd15"
  },
  {
    "baseType": 3,
    "name": "Dest App Name",
    "defaultValue": "",
    "description": "The Destination App Name",
    "helpText": "",
    "isSystem": false,
    "minLength": 0,
    "maxLength": 30,
    "validationRegex": "",
    "isValidate": false,
    "uuid": "85956462-f2e9-44f2-9fa0-40af3beb95ed"
  },
  {
    "baseType": 3,
    "name": "Dest App Owner",
    "defaultValue": "",
    "description": "The Destination App Owner",
    "helpText": "",
    "isSystem": false,
    "minLength": 0,
    "maxLength": 30,
    "validationRegex": "",
    "isValidate": false,
    "uuid": "2be71e79-b63d-45f7-80b2-6971250211b3"
  },
  {
    "baseType": 3,
    "name": "Dest Labels",
    "defaultValue": "",
    "description": "The entire JSON of the destination labels. ",
    "helpText": "",
    "isSystem": false,
    "minLength": 0,
    "maxLength": 20000,
    "validationRegex": "",
    "isValidate": false,
    "uuid": "963f585b-5dc5-471d-b275-76dc9c30816f"
  },
  {
    "baseType": 3,
    "name": "dip",
    "defaultValue": "",
    "description": "",
    "helpText": "",
    "isSystem": false,
    "minLength": 0,
    "maxLength": 100,
    "validationRegex": "",
    "isValidate": false,
    "uuid": "712504a4-361e-42b6-979e-6f6f0671c340"
  },
  {
    "baseType": 3,
    "name": "dLabels JSON",
    "defaultValue": "",
    "description": "Raw JSON of the destination labels",
    "helpText": "",
    "isSystem": false,
    "minLength": 0,
    "maxLength": 3000,
    "validationRegex": "",
    "isValidate": false,
    "uuid": "fdd1df75-83f8-4486-9a12-9fdfad83ec2a"
  },
  {
    "baseType": 3,
    "name": "dwlLabels",
    "defaultValue": "",
    "description": "A group of labels related to the destination,",
    "helpText": "",
    "isSystem": false,
    "minLength": 0,
    "maxLength": 3000,
    "validationRegex": "",
    "isValidate": false,
    "uuid": "be442b7c-16dc-4d53-a73a-6ed9d461b808"
  },
  {
    "baseType": 3,
    "name": "end_time",
    "defaultValue": "",
    "description": "The date/time the policy violation ended. ",
    "helpText": "",
    "isSystem": false,
    "minLength": 0,
    "maxLength": 100,
    "validationRegex": "",
    "isValidate": false,
    "uuid": "a8bef1dd-0c4f-4b8a-a94d-78863851d744"
  },
  {
    "baseType": 3,
    "name": "link",
    "defaultValue": "",
    "description": "",
    "helpText": "",
    "isSystem": false,
    "minLength": 0,
    "maxLength": 2000,
    "validationRegex": "",
    "isValidate": false,
    "uuid": "02d64de2-9e10-419b-bcc6-48d5932d3e95"
  },
  {
    "baseType": 3,
    "name": "matched_chain",
    "defaultValue": "",
    "description": "The matched policy chain.",
    "helpText": "",
    "isSystem": false,
    "minLength": 0,
    "maxLength": 3000,
    "validationRegex": "",
    "isValidate": false,
    "uuid": "b0b96083-ba58-4570-bd02-23a1ae39d7fc"
  },
  {
    "baseType": 3,
    "name": "matched_rule",
    "defaultValue": "",
    "description": "The name of the matched policy rule.",
    "helpText": "",
    "isSystem": false,
    "minLength": 0,
    "maxLength": 3000,
    "validationRegex": "",
    "isValidate": false,
    "uuid": "0bcad4ca-0d8c-4f63-a30d-45d91124b31f"
  },
  {
    "baseType": 3,
    "name": "matching_policy",
    "defaultValue": "",
    "description": "The name of the matched policy.",
    "helpText": "",
    "isSystem": false,
    "minLength": 0,
    "maxLength": 300,
    "validationRegex": "",
    "isValidate": false,
    "uuid": "78c8a861-1fa5-4ce5-beae-852c6640e335"
  },
  {
    "baseType": 3,
    "name": "service",
    "defaultValue": "",
    "description": "The name of the service.",
    "helpText": "",
    "isSystem": false,
    "minLength": 0,
    "maxLength": 300,
    "validationRegex": "",
    "isValidate": false,
    "uuid": "e48d60df-8eec-41ef-8535-d5df28d13dbe"
  },
  {
    "baseType": 3,
    "name": "sip",
    "defaultValue": "",
    "description": "",
    "helpText": "",
    "isSystem": false,
    "minLength": 0,
    "maxLength": 300,
    "validationRegex": "",
    "isValidate": false,
    "uuid": "08af1653-7b32-42fd-a6ee-0e52a02091cf"
  },
  {
    "baseType": 3,
    "name": "sLabels JSON",
    "defaultValue": "",
    "description": "JSON representation of the source labels. ",
    "helpText": "",
    "isSystem": false,
    "minLength": 0,
    "maxLength": 300,
    "validationRegex": "",
    "isValidate": false,
    "uuid": "3bf49ad3-c191-41b3-baf1-1894b462c61b"
  },
  {
    "baseType": 3,
    "name": "Source App Name",
    "defaultValue": "",
    "description": "The source app name",
    "helpText": "",
    "isSystem": false,
    "minLength": 0,
    "maxLength": 30,
    "validationRegex": "",
    "isValidate": false,
    "uuid": "75dbc11e-2fa7-4eaf-8268-2b3611a0474d"
  },
  {
    "baseType": 3,
    "name": "Source App Owner",
    "defaultValue": "",
    "description": "The source app owner",
    "helpText": "",
    "isSystem": false,
    "minLength": 0,
    "maxLength": 30,
    "validationRegex": "",
    "isValidate": false,
    "uuid": "ee0ffd53-e914-4730-acaf-14dd0925b428"
  },
  {
    "baseType": 3,
    "name": "Source Labels",
    "defaultValue": "",
    "description": "The entire JSON of the source wlabels.",
    "helpText": "",
    "isSystem": false,
    "minLength": 0,
    "maxLength": 20000,
    "validationRegex": "",
    "isValidate": false,
    "uuid": "acdefc8a-c00f-4075-b0db-39d492935970"
  },
  {
    "baseType": 3,
    "name": "start_time",
    "defaultValue": "",
    "description": "The date/time the policy violation started. ",
    "helpText": "",
    "isSystem": false,
    "minLength": 0,
    "maxLength": 300,
    "validationRegex": "",
    "isValidate": false,
    "uuid": "d0172d0e-7334-4aea-a8f8-122a14e95121"
  }
]