[
  {
    "baseType": 3,
    "name": "app_labels",
    "defaultValue": "",
    "description": "",
    "helpText": "",
    "isSystem": false,
    "minLength": 0,
    "maxLength": 2000,
    "validationRegex": "",
    "isValidate": false,
    "uuid": "bbc33573-7800-4588-82eb-424b6386e7eb"
  },
  {
    "baseType": 3,
    "name": "AppOwner",
    "defaultValue": "",
    "description": "",
    "helpText": "",
    "isSystem": false,
    "minLength": 0,
    "maxLength": 2000,
    "validationRegex": "",
    "isValidate": false,
    "uuid": "61637ade-348e-4eb1-86f3-dc76a1f445c6"
  },
  {
    "baseType": 3,
    "name": "link",
    "defaultValue": "",
    "description": "",
    "helpText": "",
    "isSystem": false,
    "minLength": 0,
    "maxLength": 2000,
    "validationRegex": "",
    "isValidate": false,
    "uuid": "02d64de2-9e10-419b-bcc6-48d5932d3e95"
  },
  {
    "baseType": 3,
    "name": "missing_flows_json",
    "defaultValue": "",
    "description": "",
    "helpText": "",
    "isSystem": false,
    "minLength": 0,
    "maxLength": 20000,
    "validationRegex": "",
    "isValidate": false,
    "uuid": "e2cd7890-cb29-49d6-a4a7-d2d79d074bb9"
  },
  {
    "baseType": 3,
    "name": "new_flows_json",
    "defaultValue": "",
    "description": "",
    "helpText": "",
    "isSystem": false,
    "minLength": 0,
    "maxLength": 20000,
    "validationRegex": "",
    "isValidate": false,
    "uuid": "f7f6ae92-2066-4c2e-9603-8be3ff5adec9"
  },
  {
    "baseType": 3,
    "name": "New Flows Table",
    "defaultValue": "",
    "description": "",
    "helpText": "",
    "isSystem": false,
    "minLength": 0,
    "maxLength": 20000,
    "validationRegex": "",
    "isValidate": false,
    "uuid": "38aa456b-519f-48df-b8cb-7ad93e73c772"
  },
  {
    "baseType": 3,
    "name": "Realm",
    "defaultValue": "",
    "description": "",
    "helpText": "",
    "isSystem": false,
    "minLength": 0,
    "maxLength": 2000,
    "validationRegex": "",
    "isValidate": false,
    "uuid": "8d2c4f41-2ce3-4bb2-98bc-299e4a459406"
  },
  {
    "baseType": 3,
    "name": "Region",
    "defaultValue": "",
    "description": "",
    "helpText": "",
    "isSystem": false,
    "minLength": 0,
    "maxLength": 2000,
    "validationRegex": "",
    "isValidate": false,
    "uuid": "e39c1e96-f256-4d00-a705-53843baae060"
  },
  {
    "baseType": 3,
    "name": "src_app",
    "defaultValue": "",
    "description": "",
    "helpText": "",
    "isSystem": false,
    "minLength": 0,
    "maxLength": 2000,
    "validationRegex": "",
    "isValidate": false,
    "uuid": "ea0d3b8c-a55e-48be-8876-e6b08aefd958"
  },
  {
    "baseType": 3,
    "name": "src_hostname",
    "defaultValue": "",
    "description": "",
    "helpText": "",
    "isSystem": false,
    "minLength": 0,
    "maxLength": 2000,
    "validationRegex": "",
    "isValidate": false,
    "uuid": "4debf149-130b-4e4a-93a3-d24f084c76bf"
  }
]