{
  "name": "Alert",
  "form": "30e74d67-95de-46d4-a112-373367b5690d",
  "blocks": [
    {
      "id": "c9339feb-c033-4e28-ad91-b1e52aa7fdd1",
      "label": "Acknowledge",
      "environment": "HOSTED",
      "presentation": "{}",
      "step": "218adacb-830f-48fa-9bc8-8c3bc95381a9",
      "stepType": "INTEGRATION"
    },
    {
      "id": "b8124c95-9528-4a1d-9084-cfc32b103fd3",
      "label": "Alert - Inbound from vArmour",
      "environment": "HOSTED",
      "presentation": "{\"w\":60,\"x\":0,\"h\":60,\"y\":40}",
      "step": "ed175247-5ef6-44c0-adaf-2c111aabab77",
      "stepType": "INTEGRATION"
    },
    {
      "id": "15a2c0e5-8d3e-4bae-9eaa-d54454bbe1d7",
      "label": "Create Event - Alert",
      "environment": "HOSTED",
      "presentation": "{\"w\":60,\"x\":220,\"h\":60,\"y\":40}",
      "step": "30e74d67-95de-46d4-a112-373367b5690d",
      "stepType": "CREATE_EVENT",
      "inputMappings": [
        {
          "inputPort": "input",
          "mapping": "${b8124c95-9528-4a1d-9084-cfc32b103fd3.end_time}",
          "sectionItemKey": "a8bef1dd-0c4f-4b8a-a94d-78863851d744"
        },
        {
          "inputPort": "input",
          "mapping": "${b8124c95-9528-4a1d-9084-cfc32b103fd3.Dest AppName}",
          "sectionItemKey": "85956462-f2e9-44f2-9fa0-40af3beb95ed"
        },
        {
          "inputPort": "input",
          "mapping": "${b8124c95-9528-4a1d-9084-cfc32b103fd3.matched_rule}",
          "sectionItemKey": "0bcad4ca-0d8c-4f63-a30d-45d91124b31f"
        },
        {
          "inputPort": "input",
          "mapping": "${b8124c95-9528-4a1d-9084-cfc32b103fd3.Source AppOwner},${b8124c95-9528-4a1d-9084-cfc32b103fd3.Dest AppOwner}",
          "sectionItemKey": "recipients"
        },
        {
          "inputPort": "input",
          "mapping": "${b8124c95-9528-4a1d-9084-cfc32b103fd3.Source AppName}",
          "sectionItemKey": "75dbc11e-2fa7-4eaf-8268-2b3611a0474d"
        },
        {
          "inputPort": "input",
          "mapping": "${b8124c95-9528-4a1d-9084-cfc32b103fd3.count}",
          "sectionItemKey": "1b12c413-5cc2-4a2d-94e4-4b61531ecd15"
        },
        {
          "inputPort": "input",
          "mapping": "${b8124c95-9528-4a1d-9084-cfc32b103fd3.Source AppOwner}",
          "sectionItemKey": "ee0ffd53-e914-4730-acaf-14dd0925b428"
        },
        {
          "inputPort": "input",
          "mapping": "${b8124c95-9528-4a1d-9084-cfc32b103fd3.sip}",
          "sectionItemKey": "08af1653-7b32-42fd-a6ee-0e52a02091cf"
        },
        {
          "inputPort": "input",
          "mapping": "${b8124c95-9528-4a1d-9084-cfc32b103fd3.Source LabelsJSON}",
          "sectionItemKey": "3bf49ad3-c191-41b3-baf1-1894b462c61b"
        },
        {
          "inputPort": "input",
          "mapping": "${b8124c95-9528-4a1d-9084-cfc32b103fd3.dip}",
          "sectionItemKey": "712504a4-361e-42b6-979e-6f6f0671c340"
        },
        {
          "inputPort": "input",
          "mapping": "${b8124c95-9528-4a1d-9084-cfc32b103fd3.Dest LabelsJSON}",
          "sectionItemKey": "fdd1df75-83f8-4486-9a12-9fdfad83ec2a"
        },
        {
          "inputPort": "input",
          "mapping": "${b8124c95-9528-4a1d-9084-cfc32b103fd3.Source Labels}",
          "sectionItemKey": "acdefc8a-c00f-4075-b0db-39d492935970"
        },
        {
          "inputPort": "input",
          "mapping": "${b8124c95-9528-4a1d-9084-cfc32b103fd3.start_time}",
          "sectionItemKey": "d0172d0e-7334-4aea-a8f8-122a14e95121"
        },
        {
          "inputPort": "input",
          "mapping": "${b8124c95-9528-4a1d-9084-cfc32b103fd3.Dest Labels}",
          "sectionItemKey": "963f585b-5dc5-471d-b275-76dc9c30816f"
        },
        {
          "inputPort": "input",
          "mapping": "${b8124c95-9528-4a1d-9084-cfc32b103fd3.service}",
          "sectionItemKey": "e48d60df-8eec-41ef-8535-d5df28d13dbe"
        },
        {
          "inputPort": "input",
          "mapping": "${b8124c95-9528-4a1d-9084-cfc32b103fd3.matched_chain}",
          "sectionItemKey": "b0b96083-ba58-4570-bd02-23a1ae39d7fc"
        },
        {
          "inputPort": "input",
          "mapping": "${b8124c95-9528-4a1d-9084-cfc32b103fd3.Dest AppOwner}",
          "sectionItemKey": "2be71e79-b63d-45f7-80b2-6971250211b3"
        },
        {
          "inputPort": "input",
          "mapping": "${b8124c95-9528-4a1d-9084-cfc32b103fd3.app}",
          "sectionItemKey": "4a4ebea8-916d-468e-a445-3838f3191ae5"
        }
      ]
    },
    {
      "id": "d0a87bb8-08ca-4f86-b56b-5945da2374da",
      "label": "Create Incident",
      "environment": "HOSTED",
      "presentation": "{}",
      "step": "54eaf6a7-53dc-4512-84f8-e52520ec7600",
      "stepType": "INTEGRATION"
    },
    {
      "id": "9d40e215-d894-4e3b-9a8d-54e71ffd997f",
      "label": "Escalate",
      "environment": "HOSTED",
      "presentation": "{}",
      "step": "3c8e8bf4-f497-4879-954f-ca9ade00e76d",
      "stepType": "INTEGRATION"
    },
    {
      "id": "297f071b-eb3a-40fb-a11f-10d5a22fd910",
      "label": "Initiate Incident",
      "environment": "HOSTED",
      "presentation": "{\"w\":60,\"x\":220,\"h\":60,\"y\":727}",
      "step": "ce96308e-aa54-564d-97b0-33b3c1c1b73a",
      "stepType": "SCRIPT_STEP",
      "inputMappings": [
        {
          "inputPort": "input",
          "mapping": "Violation detected from \"${event.properties.Source App Name}\" to \"${event.properties.Dest App Name}\"",
          "stepInput": "3ee09491-a355-5a0d-b5cd-ec44297d5e36"
        },
        {
          "inputPort": "input",
          "mapping": "vArmour Policy Violation:\nSource: ${event.properties.sip} -- ${event.properties.service} ${event.properties.app}",
          "stepInput": "b78e5000-4866-5ca8-8476-3cf95e47dc1a"
        },
        {
          "inputPort": "input",
          "mapping": "HIGH",
          "stepInput": "2d0b9932-1565-56bf-95f0-bac6b71ca35e"
        }
      ]
    },
    {
      "id": "5e27291e-d330-44d3-9670-51716c3ac16e",
      "label": "Responses",
      "environment": "HOSTED",
      "presentation": "{\"w\":100,\"x\":0,\"h\":50,\"y\":260}",
      "stepType": "RESPONSES"
    }
  ],
  "edges": [
    {
      "fromBlock": "b8124c95-9528-4a1d-9084-cfc32b103fd3",
      "fromPort": "output",
      "toBlock": "15a2c0e5-8d3e-4bae-9eaa-d54454bbe1d7",
      "toPort": "input"
    },
    {
      "fromBlock": "d0a87bb8-08ca-4f86-b56b-5945da2374da",
      "fromPort": "output",
      "toBlock": "297f071b-eb3a-40fb-a11f-10d5a22fd910",
      "toPort": "input"
    }
  ]
}