{
  "name": "Alert",
  "form": "30e74d67-95de-46d4-a112-373367b5690d",
  "blocks": [
    {
      "id": "c9339feb-c033-4e28-ad91-b1e52aa7fdd1",
      "label": "Acknowledge",
      "environment": "HOSTED",
      "presentation": "{}",
      "step": "218adacb-830f-48fa-9bc8-8c3bc95381a9",
      "stepType": "INTEGRATION"
    },
    {
      "id": "99bebb4b-927d-41e0-9c5f-12bb1557e870",
      "label": "Alert - Inbound from vArmour",
      "environment": "HOSTED",
      "presentation": "{\"w\":60,\"x\":0,\"h\":60,\"y\":40}",
      "step": "06f5e5f9-f39d-48bc-a52b-37811a8bde9e",
      "stepType": "INTEGRATION"
    },
    {
      "id": "947fff76-9043-44d6-b76a-c0c9775d4343",
      "label": "Create Event - Alert",
      "environment": "HOSTED",
      "presentation": "{\"w\":60,\"x\":220,\"h\":60,\"y\":40}",
      "step": "30e74d67-95de-46d4-a112-373367b5690d",
      "stepType": "CREATE_EVENT",
      "inputMappings": [
        {
          "inputPort": "input",
          "mapping": "${99bebb4b-927d-41e0-9c5f-12bb1557e870.dwlLabels.AppID}",
          "sectionItemKey": "131a2329-229d-4904-b880-145a894e6a0b"
        },
        {
          "inputPort": "input",
          "mapping": "${99bebb4b-927d-41e0-9c5f-12bb1557e870.swlLabels.Realm}",
          "sectionItemKey": "2c1d4fa8-f482-498e-8102-e992c9b7a63f"
        },
        {
          "inputPort": "input",
          "mapping": "${99bebb4b-927d-41e0-9c5f-12bb1557e870.start_time}",
          "sectionItemKey": "d0172d0e-7334-4aea-a8f8-122a14e95121"
        },
        {
          "inputPort": "input",
          "mapping": "${99bebb4b-927d-41e0-9c5f-12bb1557e870.swlLabels.PCI}",
          "sectionItemKey": "f0b87014-c290-4cb5-8ca8-7389a8b4ba33"
        },
        {
          "inputPort": "input",
          "mapping": "${99bebb4b-927d-41e0-9c5f-12bb1557e870.dwlLabels.QualysAgent}",
          "sectionItemKey": "df52ff9e-24fb-4e66-b6b0-aca931a3182e"
        },
        {
          "inputPort": "input",
          "mapping": "${99bebb4b-927d-41e0-9c5f-12bb1557e870.swlLabels.AppOwner}",
          "sectionItemKey": "a07e13b4-efdd-4e97-a352-d0e9a6eec70f"
        },
        {
          "inputPort": "input",
          "mapping": "${99bebb4b-927d-41e0-9c5f-12bb1557e870.dwlLabels.RTO}",
          "sectionItemKey": "e616f34c-5d70-4083-b02b-040fc72cdbbf"
        },
        {
          "inputPort": "input",
          "mapping": "${99bebb4b-927d-41e0-9c5f-12bb1557e870.sip}",
          "sectionItemKey": "08af1653-7b32-42fd-a6ee-0e52a02091cf"
        },
        {
          "inputPort": "input",
          "mapping": "${99bebb4b-927d-41e0-9c5f-12bb1557e870.swlLabels.AppID}",
          "sectionItemKey": "6ed7c1ca-da7c-46c2-9656-f35d13b5a591"
        },
        {
          "inputPort": "input",
          "mapping": "${99bebb4b-927d-41e0-9c5f-12bb1557e870.dwlLabels.Criticality}",
          "sectionItemKey": "015c1843-66e3-4399-abfe-4df93e3bbf96"
        },
        {
          "inputPort": "input",
          "mapping": "${99bebb4b-927d-41e0-9c5f-12bb1557e870.dip}",
          "sectionItemKey": "712504a4-361e-42b6-979e-6f6f0671c340"
        },
        {
          "inputPort": "input",
          "mapping": "${99bebb4b-927d-41e0-9c5f-12bb1557e870.swlLabels.PII}",
          "sectionItemKey": "915db31b-6126-4d19-b9cf-b151003a0a29"
        },
        {
          "inputPort": "input",
          "mapping": "${99bebb4b-927d-41e0-9c5f-12bb1557e870.dwlLabels.AppFunc}",
          "sectionItemKey": "26ac4055-cfd9-448e-bae1-e0e9fa6ca375"
        },
        {
          "inputPort": "input",
          "mapping": "${99bebb4b-927d-41e0-9c5f-12bb1557e870.swlLabels.System}",
          "sectionItemKey": "2c56cf65-25fd-4b5c-8a28-4744fae6de0a"
        },
        {
          "inputPort": "input",
          "mapping": "${99bebb4b-927d-41e0-9c5f-12bb1557e870.dwlLabels}",
          "sectionItemKey": "be442b7c-16dc-4d53-a73a-6ed9d461b808"
        },
        {
          "inputPort": "input",
          "mapping": "${99bebb4b-927d-41e0-9c5f-12bb1557e870.sgroups}",
          "sectionItemKey": "72e66b09-c2ba-4917-9ec8-f815863d94f6"
        },
        {
          "inputPort": "input",
          "mapping": "${99bebb4b-927d-41e0-9c5f-12bb1557e870.dwlLabels.PII}",
          "sectionItemKey": "9f661226-0136-4f29-989a-ffdf87006934"
        },
        {
          "inputPort": "input",
          "mapping": "${99bebb4b-927d-41e0-9c5f-12bb1557e870.dwlLabels.AppOwner}",
          "sectionItemKey": "5bea4422-bd66-4da7-a694-8283cd8301a5"
        },
        {
          "inputPort": "input",
          "mapping": "${99bebb4b-927d-41e0-9c5f-12bb1557e870.swlLabels.QualysAgent}",
          "sectionItemKey": "66044879-0be7-45c9-b5d7-466b53960677"
        },
        {
          "inputPort": "input",
          "mapping": "${99bebb4b-927d-41e0-9c5f-12bb1557e870.matched_chain}",
          "sectionItemKey": "b0b96083-ba58-4570-bd02-23a1ae39d7fc"
        },
        {
          "inputPort": "input",
          "mapping": "${99bebb4b-927d-41e0-9c5f-12bb1557e870.dLabels}",
          "sectionItemKey": "fdd1df75-83f8-4486-9a12-9fdfad83ec2a"
        },
        {
          "inputPort": "input",
          "mapping": "${99bebb4b-927d-41e0-9c5f-12bb1557e870.service}",
          "sectionItemKey": "e48d60df-8eec-41ef-8535-d5df28d13dbe"
        },
        {
          "inputPort": "input",
          "mapping": "${99bebb4b-927d-41e0-9c5f-12bb1557e870.dwlLabels.AppName}",
          "sectionItemKey": "7e32f6b6-74ed-4e39-9a96-4adca5619ba2"
        },
        {
          "inputPort": "input",
          "mapping": "${99bebb4b-927d-41e0-9c5f-12bb1557e870.swlLabels.TaniumAgent}",
          "sectionItemKey": "ffa1072d-7042-4735-a721-2ccb3acea601"
        },
        {
          "inputPort": "input",
          "mapping": "${99bebb4b-927d-41e0-9c5f-12bb1557e870.matched_rule}",
          "sectionItemKey": "0bcad4ca-0d8c-4f63-a30d-45d91124b31f"
        },
        {
          "inputPort": "input",
          "mapping": "${99bebb4b-927d-41e0-9c5f-12bb1557e870.swlLabels.AppName}",
          "sectionItemKey": "dee8bb4e-1a6f-4af6-87a4-f7277c12d335"
        },
        {
          "inputPort": "input",
          "mapping": "${99bebb4b-927d-41e0-9c5f-12bb1557e870.sLabels}",
          "sectionItemKey": "3bf49ad3-c191-41b3-baf1-1894b462c61b"
        },
        {
          "inputPort": "input",
          "mapping": "${99bebb4b-927d-41e0-9c5f-12bb1557e870.swlLabels.RTO}",
          "sectionItemKey": "5676ffd4-499b-453e-aaa7-02556c99f517"
        },
        {
          "inputPort": "input",
          "mapping": "${99bebb4b-927d-41e0-9c5f-12bb1557e870.swlLabels.AppFunc}",
          "sectionItemKey": "e24ede8d-0eda-4a39-9946-d0977a374a5e"
        },
        {
          "inputPort": "input",
          "mapping": "${99bebb4b-927d-41e0-9c5f-12bb1557e870.swlLabels.Region}",
          "sectionItemKey": "4be11728-83c1-414c-82a8-3c485e884cef"
        },
        {
          "inputPort": "input",
          "mapping": "${99bebb4b-927d-41e0-9c5f-12bb1557e870.swlLabels.Criticality}",
          "sectionItemKey": "662b57ef-09e6-40f1-9835-c8ce714f085d"
        },
        {
          "inputPort": "input",
          "mapping": "${99bebb4b-927d-41e0-9c5f-12bb1557e870.dwlLabels.System}",
          "sectionItemKey": "2e3a541a-606c-4db2-a70b-85cb57f5cb55"
        },
        {
          "inputPort": "input",
          "mapping": "${99bebb4b-927d-41e0-9c5f-12bb1557e870.dwlLabels.AppOwner},${99bebb4b-927d-41e0-9c5f-12bb1557e870.swlLabels.AppOwner}",
          "sectionItemKey": "recipients"
        },
        {
          "inputPort": "input",
          "mapping": "${99bebb4b-927d-41e0-9c5f-12bb1557e870.dwlLabels.TaniumAgent}",
          "sectionItemKey": "da12cb06-1bde-4b21-a992-1c8f504d6dee"
        },
        {
          "inputPort": "input",
          "mapping": "${99bebb4b-927d-41e0-9c5f-12bb1557e870.end_time}",
          "sectionItemKey": "a8bef1dd-0c4f-4b8a-a94d-78863851d744"
        },
        {
          "inputPort": "input",
          "mapping": "${99bebb4b-927d-41e0-9c5f-12bb1557e870.swlLabels}",
          "sectionItemKey": "ce268372-9d8c-4842-b850-7f9974ea8503"
        },
        {
          "inputPort": "input",
          "mapping": "${99bebb4b-927d-41e0-9c5f-12bb1557e870.dwlLabels.Region}",
          "sectionItemKey": "292b8131-233c-466e-a666-5af7e11fbee7"
        },
        {
          "inputPort": "input",
          "mapping": "${99bebb4b-927d-41e0-9c5f-12bb1557e870.count}",
          "sectionItemKey": "1b12c413-5cc2-4a2d-94e4-4b61531ecd15"
        },
        {
          "inputPort": "input",
          "mapping": "${99bebb4b-927d-41e0-9c5f-12bb1557e870.dwlLabels.Realm}",
          "sectionItemKey": "44da5e40-2382-4787-9d5d-022b6038bcf7"
        },
        {
          "inputPort": "input",
          "mapping": "${99bebb4b-927d-41e0-9c5f-12bb1557e870.dwlLabels.PCI}",
          "sectionItemKey": "1aaff650-2f1f-4472-8f91-fe40b60dc847"
        },
        {
          "inputPort": "input",
          "mapping": "${99bebb4b-927d-41e0-9c5f-12bb1557e870.app}",
          "sectionItemKey": "4a4ebea8-916d-468e-a445-3838f3191ae5"
        }
      ]
    },
    {
      "id": "d0a87bb8-08ca-4f86-b56b-5945da2374da",
      "label": "Create Incident",
      "environment": "HOSTED",
      "presentation": "{}",
      "step": "54eaf6a7-53dc-4512-84f8-e52520ec7600",
      "stepType": "INTEGRATION"
    },
    {
      "id": "9d40e215-d894-4e3b-9a8d-54e71ffd997f",
      "label": "Escalate",
      "environment": "HOSTED",
      "presentation": "{}",
      "step": "3c8e8bf4-f497-4879-954f-ca9ade00e76d",
      "stepType": "INTEGRATION"
    },
    {
      "id": "5e27291e-d330-44d3-9670-51716c3ac16e",
      "label": "Responses",
      "environment": "HOSTED",
      "presentation": "{\"w\":100,\"x\":0,\"h\":50,\"y\":260}",
      "stepType": "RESPONSES"
    }
  ],
  "edges": [
    {
      "fromBlock": "99bebb4b-927d-41e0-9c5f-12bb1557e870",
      "fromPort": "output",
      "toBlock": "947fff76-9043-44d6-b76a-c0c9775d4343",
      "toPort": "input"
    }
  ]
}