{
  "name": "Alert",
  "form": "30e74d67-95de-46d4-a112-373367b5690d",
  "blocks": [
    {
      "id": "c9339feb-c033-4e28-ad91-b1e52aa7fdd1",
      "label": "Acknowledge",
      "environment": "HOSTED",
      "presentation": "{}",
      "step": "218adacb-830f-48fa-9bc8-8c3bc95381a9",
      "stepType": "INTEGRATION"
    },
    {
      "id": "35c563ba-aafb-4a24-a515-9270bc6a0e65",
      "label": "Alert - Inbound from vArmour",
      "environment": "HOSTED",
      "presentation": "{\"w\":60,\"x\":0,\"h\":60,\"y\":40}",
      "step": "66a26d2d-355a-4d14-971e-2c0af976769b",
      "stepType": "INTEGRATION"
    },
    {
      "id": "f5a3e1dc-6f7f-4197-9165-57ed592cf4e2",
      "label": "Create Event - Alert",
      "environment": "HOSTED",
      "presentation": "{\"w\":60,\"x\":440,\"h\":60,\"y\":40}",
      "step": "30e74d67-95de-46d4-a112-373367b5690d",
      "stepType": "CREATE_EVENT",
      "inputMappings": [
        {
          "inputPort": "input",
          "mapping": "${35c563ba-aafb-4a24-a515-9270bc6a0e65.link}",
          "sectionItemKey": "02d64de2-9e10-419b-bcc6-48d5932d3e95"
        },
        {
          "inputPort": "input",
          "mapping": "${35c563ba-aafb-4a24-a515-9270bc6a0e65.AppOwner}",
          "sectionItemKey": "61637ade-348e-4eb1-86f3-dc76a1f445c6"
        },
        {
          "inputPort": "input",
          "mapping": "${35c563ba-aafb-4a24-a515-9270bc6a0e65.Realm}",
          "sectionItemKey": "8d2c4f41-2ce3-4bb2-98bc-299e4a459406"
        },
        {
          "inputPort": "input",
          "mapping": "${35c563ba-aafb-4a24-a515-9270bc6a0e65.src_hostname}",
          "sectionItemKey": "4debf149-130b-4e4a-93a3-d24f084c76bf"
        },
        {
          "inputPort": "input",
          "mapping": "ipugh,tdepuy,${35c563ba-aafb-4a24-a515-9270bc6a0e65.targeted_recipients}",
          "sectionItemKey": "recipients"
        },
        {
          "inputPort": "input",
          "mapping": "${35c563ba-aafb-4a24-a515-9270bc6a0e65.app_labels}",
          "sectionItemKey": "bbc33573-7800-4588-82eb-424b6386e7eb"
        },
        {
          "inputPort": "input",
          "mapping": "${35c563ba-aafb-4a24-a515-9270bc6a0e65.new_flows_json}",
          "sectionItemKey": "f7f6ae92-2066-4c2e-9603-8be3ff5adec9"
        },
        {
          "inputPort": "input",
          "mapping": "${35c563ba-aafb-4a24-a515-9270bc6a0e65.src_app}",
          "sectionItemKey": "ea0d3b8c-a55e-48be-8876-e6b08aefd958"
        },
        {
          "inputPort": "input",
          "mapping": "${4f648a0e-078e-4bcd-a3cc-5cdc8bc6cad1.table}",
          "sectionItemKey": "38aa456b-519f-48df-b8cb-7ad93e73c772"
        },
        {
          "inputPort": "input",
          "mapping": "${35c563ba-aafb-4a24-a515-9270bc6a0e65.missing_flows_json}",
          "sectionItemKey": "e2cd7890-cb29-49d6-a4a7-d2d79d074bb9"
        },
        {
          "inputPort": "input",
          "mapping": "${35c563ba-aafb-4a24-a515-9270bc6a0e65.Region}",
          "sectionItemKey": "e39c1e96-f256-4d00-a705-53843baae060"
        }
      ]
    },
    {
      "id": "d0a87bb8-08ca-4f86-b56b-5945da2374da",
      "label": "Create Incident",
      "environment": "HOSTED",
      "presentation": "{}",
      "step": "54eaf6a7-53dc-4512-84f8-e52520ec7600",
      "stepType": "INTEGRATION"
    },
    {
      "id": "9d40e215-d894-4e3b-9a8d-54e71ffd997f",
      "label": "Escalate",
      "environment": "HOSTED",
      "presentation": "{}",
      "step": "3c8e8bf4-f497-4879-954f-ca9ade00e76d",
      "stepType": "INTEGRATION"
    },
    {
      "id": "5e27291e-d330-44d3-9670-51716c3ac16e",
      "label": "Responses",
      "environment": "HOSTED",
      "presentation": "{\"w\":100,\"x\":0,\"h\":50,\"y\":260}",
      "stepType": "RESPONSES"
    },
    {
      "id": "4f648a0e-078e-4bcd-a3cc-5cdc8bc6cad1",
      "label": "vArmour - Beautify Flows",
      "environment": "HOSTED",
      "presentation": "{\"w\":60,\"x\":220,\"h\":60,\"y\":40}",
      "step": "46e1fd2b-e391-44f0-8ed7-7760085be70d",
      "stepType": "SCRIPT_STEP",
      "inputMappings": [
        {
          "inputPort": "input",
          "mapping": "${35c563ba-aafb-4a24-a515-9270bc6a0e65.new_flows_json}",
          "stepInput": "5f653446-20cd-46ba-b915-95aa4f1a6481"
        }
      ]
    }
  ],
  "edges": [
    {
      "fromBlock": "35c563ba-aafb-4a24-a515-9270bc6a0e65",
      "fromPort": "output",
      "toBlock": "4f648a0e-078e-4bcd-a3cc-5cdc8bc6cad1",
      "toPort": "input"
    },
    {
      "fromBlock": "4f648a0e-078e-4bcd-a3cc-5cdc8bc6cad1",
      "fromPort": "output",
      "toBlock": "f5a3e1dc-6f7f-4197-9165-57ed592cf4e2",
      "toPort": "input"
    }
  ]
}