{
  "integrations": [
    {
      "id": "218adacb-830f-48fa-9bc8-8c3bc95381a9",
      "name": "Alert - Acknowledge",
      "action": "RUN_SCRIPT",
      "type": "OUTBOUND_WEBHOOK",
      "triggeredBy": "RESPONSE",
      "responseChoice": "Acknowledge",
      "deployed": true,
      "form": "30e74d67-95de-46d4-a112-373367b5690d",
      "environment": "HOSTED",
      "authType": "NONE",
      "createdBy": "FLOW"
    },
    {
      "id": "54eaf6a7-53dc-4512-84f8-e52520ec7600",
      "name": "Alert - Create Incident",
      "action": "RUN_SCRIPT",
      "type": "OUTBOUND_WEBHOOK",
      "triggeredBy": "RESPONSE",
      "responseChoice": "Create Incident",
      "deployed": true,
      "form": "30e74d67-95de-46d4-a112-373367b5690d",
      "environment": "HOSTED",
      "authType": "NONE",
      "createdBy": "FLOW"
    },
    {
      "id": "3c8e8bf4-f497-4879-954f-ca9ade00e76d",
      "name": "Alert - Escalate",
      "action": "RUN_SCRIPT",
      "type": "OUTBOUND_WEBHOOK",
      "triggeredBy": "RESPONSE",
      "responseChoice": "Escalate",
      "deployed": true,
      "form": "30e74d67-95de-46d4-a112-373367b5690d",
      "environment": "HOSTED",
      "authType": "NONE",
      "createdBy": "FLOW"
    },
    {
      "id": "66a26d2d-355a-4d14-971e-2c0af976769b",
      "name": "Alert - Inbound from vArmour",
      "action": "RUN_SCRIPT",
      "type": "INBOUND_WEBHOOK",
      "deployed": true,
      "form": "30e74d67-95de-46d4-a112-373367b5690d",
      "environment": "HOSTED",
      "authType": "URL",
      "createdBy": "FLOW",
      "integrationScriptStepUuid": "037b666f-1e50-4b97-916e-e8aac4395ffd"
    }
  ],
  "endpoints": [
    {
      "name": "ServiceNow",
      "baseUrl": "https://storeappdemo00033.service-now.com",
      "type": "EXTERNAL",
      "authentication": "SERVICENOW"
    },
    {
      "name": "Slack",
      "baseUrl": "https://slack.com/api",
      "type": "EXTERNAL",
      "authentication": "OAUTH_SLACK"
    }
  ],
  "constants": []
}