[
  {
    "id": "037b666f-1e50-4b97-916e-e8aac4395ffd",
    "name": "Inbound from vArmour",
    "description": "Parse the payload from vArmour and pass along the relevant values.",
    "icon": "https://s3-xmatters-static.s3.amazonaws.com/null/customers/aa4ff4cd-06da-460c-b2d0-bb34ad66da69/IMAGE__20200805170434741__varmour.png",
    "script": "\nvar payload = JSON.parse(request.body);\n\n\noutput['app']        = payload['app'];\noutput['count']      = payload['count'],\noutput['dip']        = payload['dip'];\noutput['dst_ip']     = payload['dst_ip'];\noutput['end_time']   = payload['end_time'];\noutput['service']    = payload['service'];\noutput['sip']        = payload['sip'];\noutput['src_ip']     = payload['src_ip'];\noutput['start_time'] = payload['start_time'];\n\n\noutput['dLabels']   = payload['dgroups']['dLabels'];\noutput['sLabels']   = payload['sgroups']['sLabels'];\n\nif( payload.matching_policy ) {\n   output['matched_chain'] = payload.matching_policy.matched_chain;\n   output['matched_rule']  = payload.matching_policy.matched_rule;\n}\n\n\n\n\ndestLabels = payload.dgroups.wlabels;\nsrceLabels = payload.sgroups.wlabels;\n\n\ntblAttrs = 'fr-original-style=\"width: 70%;text-align: left;\" style=\"width: 70%; text-align: left; margin: 0px 0px 1em; border: none; border-radius: 3px; font-size: inherit; border-collapse: collapse; empty-cells: show; max-width: 100%;\" class=\"\" id=\"table-6\"';\nthAttrs  = 'fr-original-style=\"\" style=\"font-weight: bold; background: rgb(236, 236, 236); border: 1px solid rgb(221, 221, 221); user-select: none;\" tabindex=\"0\"';\ntdAttrs  = 'fr-original-style=\"width: 30.0000%;\" style=\"width: 30%; min-width: 5px; border: 1px solid rgb(221, 221, 221); user-select: none; padding-top: 15px;\" tabindex=\"0\"';\n\n\n\nif( payload.dgroups && payload.dgroups.wlabels ) {\n\toutput['Dest AppOwner'] = payload.dgroups.wlabels['AppOwner'];\n\toutput['Dest AppName']  = payload.dgroups.wlabels['AppName'];\n\toutput['Dest Labels']   = buildTable( payload.dgroups.wlabels, 'Destination Labels', tblAttrs, thAttrs, tdAttrs );\n\toutput['Dest LabelsJSON'] = payload.dgroups.wlabels;\n}\n\n\nif( payload.sgroups && payload.sgroups.wlabels ) {\n\toutput['Source AppOwner'] = payload.sgroups.wlabels['AppOwner'];\n\toutput['Source AppName']  = payload.sgroups.wlabels['AppName'];\n\toutput['Source Labels']   = buildTable( payload.sgroups.wlabels, 'Source Labels', tblAttrs, thAttrs, tdAttrs );\n\toutput['Source LabelsJSON'] = payload.sgroups.wlabels;\n}\n\n\n/*\nbuildTable - Builds a table with all the fixins\n\nParameters\n   obj - The object to iterate for rows\n   tableAttributes - The html attributes to include in the <table> tag\n   tabelElementAttributes - The html attributes to include in the <td> tag\n*/\nfunction buildTable( obj, headText, tableAttributes, tableHeaderAttributes, tableElmentAttributes ) {\n\n\ttable = '';\n\ttable = '<table ' + tableAttributes + '>';\n\t   //table += '<thead>';\n\t      table += '<tr>';\n\t         table += '<th ' + tableHeaderAttributes + '>' + headText + '</th>';\n\t         table += '<th ' + tableHeaderAttributes + '></th>';\n\t      table += '</tr>';\n\t   //table += '</thead>';\n\t   //table += '<tbody>';\n\t      table += JSONtoRows( obj, '', tableElmentAttributes )\n\t   //table += '</tbody>';\n\t   table += '</table>';\n    return table;\n}\n\n\n/*\nJSONtoRows - Iterate through the elements in the \n  provided JSON object and generate <td> tags for \n  names and values\n\nParameters\n   obj - The object to transform\n   trATTRs - (optional) Any additional attributes to the tr tags.\n   tdATTRs - (optional) Any additional attributes to the td tags.\n*/\nfunction JSONtoRows( obj, trATTRs, tdATTRs ) {\n\tstr = '';\n\n\ttrATTRs = ( trATTRs ? trATTRs : '' );\n\ttdATTRs = ( tdATTRs ? tdATTRs : '' );\n\n   keys = Object.keys( obj );\n   for( var k in keys ) {\n   \tstr += '<tr ' + trATTRs + '>';\n   \t   str += '<td ' + tdATTRs + '>' + keys[k]        + '</td>';\n   \t   str += '<td ' + tdATTRs + '>' + obj[ keys[k] ] + '</td>';\n   \tstr += '</tr>';\n   }\n\n   return str;\n\n}\n\n\n\n\n\n/// old stuff\n/*\noutput['link'] = payload['url'];\noutput['new_flows_json']  = limit_size(payload['new_flows']);\noutput['missing_flows_json'] = limit_size(payload['missing_flows']);\noutput['targeted_recipients'] = payload['app_labels']['AppOwner'];\noutput['app_labels'] = payload['app_labels'];\n\n// These values come from the first object\nvar first_object = payload['new_flows'][0]\noutput['src_app'] = first_object['src_app'];\noutput['src_hostname'] = first_object['src_hostname'];\n\n// These values come from app_labels\noutput['AppOwner'] = payload['app_labels']['AppOwner'];\noutput['Region'] = payload['app_labels']['Region'];\noutput['Realm'] = payload['app_labels']['Realm'];\n\n// Limits the size of object to 20000 characters\nfunction limit_size(obj) {\n    while (true) {\n        var size = JSON.stringify(obj).length;\n        console.log(\"Current size: \" + size)\n        if (size < 20000) {\n            break;\n        }\n        obj.pop();\n    }\n    return obj;\n}*/",
    "allowedEnvironment": "HOSTED",
    "accessibleByAll": "NotShared",
    "triggerAuthType": "URL_AUTH",
    "scriptStepType": "CUSTOM_HTTP",
    "inputs": [],
    "outputs": [
      {
        "id": "66653fd1-0040-4fd9-a887-df5083621479",
        "name": "app",
        "position": 0
      },
      {
        "id": "c460d2cd-8e4b-4163-bf4e-94564117e9ed",
        "name": "count",
        "position": 1
      },
      {
        "id": "68c07409-3b45-4a72-a437-56b06e26218b",
        "name": "dip",
        "position": 2
      },
      {
        "id": "1ae5c363-8571-4ba8-9a88-25e172a20d3e",
        "name": "dst_ip",
        "position": 3
      },
      {
        "id": "346dc389-bc24-492c-9a49-8e29ab53d3ac",
        "name": "end_time",
        "position": 4
      },
      {
        "id": "f7d44c23-57dc-4e52-a98c-d3220f9ab4c4",
        "name": "matching_policy",
        "position": 5
      },
      {
        "id": "7ac39cf9-025e-4c22-8a15-609ba775fe82",
        "name": "service",
        "position": 6
      },
      {
        "id": "d72a650d-b908-4c82-9b11-191f526a01e4",
        "name": "sgroups",
        "position": 7
      },
      {
        "id": "a6961d64-6cb3-4d12-bb21-5c05b9512f3d",
        "name": "sip",
        "position": 8
      },
      {
        "id": "f9e74022-2281-4657-8164-aed97ec2dec9",
        "name": "src_ip",
        "position": 9
      },
      {
        "id": "0dbce5a2-d3c0-4d04-911a-0d4e1dabffe2",
        "name": "start_time",
        "position": 10
      },
      {
        "id": "53baa86e-b175-430b-88f1-f471771b4afe",
        "name": "dLabels",
        "position": 11
      },
      {
        "id": "ec6189fa-eb61-436d-9212-a47bef7a441a",
        "name": "dwlLabels",
        "position": 12
      },
      {
        "id": "43516513-9733-4c93-ade1-f15981caa692",
        "name": "sLabels",
        "position": 13
      },
      {
        "id": "36ccfbbf-343d-44c7-b3ca-7389b5d93a8c",
        "name": "swlLabels",
        "position": 14
      },
      {
        "id": "a11499ab-1887-41d2-97bb-0e6acee79794",
        "name": "matched_chain",
        "position": 15
      },
      {
        "id": "336695f6-751f-45a6-90ae-d4f3d3b2ece2",
        "name": "matched_rule",
        "position": 16
      },
      {
        "id": "cabf10d2-2d79-46d0-a8ab-9f9f32391a44",
        "name": "Dest AppOwner",
        "position": 17
      },
      {
        "id": "bd3bf020-2de8-41e1-a803-361c82e14248",
        "name": "Dest AppName",
        "position": 18
      },
      {
        "id": "c101a2ea-4441-41c4-9ee6-45e381d70cf6",
        "name": "Dest Labels",
        "position": 19
      },
      {
        "id": "a6f7e252-fc66-4cae-a524-68a79d3208d1",
        "name": "Source AppOwner",
        "position": 20
      },
      {
        "id": "9867f4ff-46da-41b5-a562-e446d8a824e7",
        "name": "Source AppName",
        "position": 21
      },
      {
        "id": "e1a4d4af-4e02-4e45-9258-1284f15835d5",
        "name": "Source Labels",
        "position": 22
      },
      {
        "id": "5533f89c-df74-4af2-bfe2-9a7c7ce282ca",
        "name": "Source LabelsJSON",
        "position": 23
      },
      {
        "id": "8eb6cae0-deb3-41d5-848b-9988284d44ed",
        "name": "Dest LabelsJSON",
        "position": 24
      }
    ],
    "libraries": []
  }
]