[
  {
    "id": "037b666f-1e50-4b97-916e-e8aac4395ffd",
    "name": "Inbound from vArmour",
    "description": "",
    "icon": "https://s3-xmatters-static.s3.amazonaws.com/null/customers/aa4ff4cd-06da-460c-b2d0-bb34ad66da69/IMAGE__20200805170434741__varmour.png",
    "script": "var payload = JSON.parse(request.body);\n\n\noutput['app']        = payload['app'];\noutput['count']      = payload['count'],\noutput['dip']        = payload['dip'];\noutput['dst_ip']     = payload['dst_ip'];\noutput['end_time']   = payload['end_time'];\noutput['service']    = payload['service'];\noutput['sip']        = payload['sip'];\noutput['src_ip']     = payload['src_ip'];\noutput['start_time'] = payload['start_time'];\n\n\noutput['dLabels']   = payload['dgroups']['dLabels'];\noutput['sLabels']   = payload['sgroups']['sLabels'];\n\nif( payload.matching_policy ) {\n   output['matched_chain'] = payload.matching_policy.matched_chain;\n   output['matched_rule']  = payload.matching_policy.matched_rule;\n}\n\nif( payload.dgroups && payload.dgroups.dwlLabels ) {\n   output['dwlLabels.AppFunc']     = payload.dgroups.wlables['AppFunc'];\n   output['dwlLabels.AppID']       = payload.dgroups.wlables['AppID'];\n   output['dwlLabels.AppName']     = payload.dgroups.wlables['AppName'];\n   output['dwlLabels.AppOwner']    = payload.dgroups.wlables['AppOwner'];\n   output['dwlLabels.Criticality'] = payload.dgroups.wlables['Criticality'];\n   output['dwlLabels.PCI']         = payload.dgroups.wlables['PCI'];\n   output['dwlLabels.PII']         = payload.dgroups.wlables['PII'];\n   output['dwlLabels.QualysAgent'] = payload.dgroups.wlables['QualysAgent'];\n   output['dwlLabels.RTO']         = payload.dgroups.wlables['RTO'];\n   output['dwlLabels.Realm']       = payload.dgroups.wlables['Realm'];\n   output['dwlLabels.Region']      = payload.dgroups.wlables['Region'];\n   output['dwlLabels.System']      = payload.dgroups.wlables['System'];\n   output['dwlLabels.TaniumAgent'] = payload.dgroups.wlables['TaniumAgent'];\n}\n\n\nif( payload.sgroups && payload.sgroups.swlLabels ) {\n   output['swlLabels.AppFunc']     = payload.sgroups.wlables['AppFunc'];\n   output['swlLabels.AppID']       = payload.sgroups.wlables['AppID'];\n   output['swlLabels.AppName']     = payload.sgroups.wlables['AppName'];\n   output['swlLabels.AppOwner']    = payload.sgroups.wlables['AppOwner'];\n   output['swlLabels.Criticality'] = payload.sgroups.wlables['Criticality'];\n   output['swlLabels.PCI']         = payload.sgroups.wlables['PCI'];\n   output['swlLabels.PII']         = payload.sgroups.wlables['PII'];\n   output['swlLabels.QualysAgent'] = payload.sgroups.wlables['QualysAgent'];\n   output['swlLabels.RTO']         = payload.sgroups.wlables['RTO'];\n   output['swlLabels.Realm']       = payload.sgroups.wlables['Realm'];\n   output['swlLabels.Region']      = payload.sgroups.wlables['Region'];\n   output['swlLabels.System']      = payload.sgroups.wlables['System'];\n   output['swlLabels.TaniumAgent'] = payload.sgroups.wlables['TaniumAgent'];\n}\n\n\n\n/// old stuff\n/*\noutput['link'] = payload['url'];\noutput['new_flows_json']  = limit_size(payload['new_flows']);\noutput['missing_flows_json'] = limit_size(payload['missing_flows']);\noutput['targeted_recipients'] = payload['app_labels']['AppOwner'];\noutput['app_labels'] = payload['app_labels'];\n\n// These values come from the first object\nvar first_object = payload['new_flows'][0]\noutput['src_app'] = first_object['src_app'];\noutput['src_hostname'] = first_object['src_hostname'];\n\n// These values come from app_labels\noutput['AppOwner'] = payload['app_labels']['AppOwner'];\noutput['Region'] = payload['app_labels']['Region'];\noutput['Realm'] = payload['app_labels']['Realm'];\n\n// Limits the size of object to 20000 characters\nfunction limit_size(obj) {\n    while (true) {\n        var size = JSON.stringify(obj).length;\n        console.log(\"Current size: \" + size)\n        if (size < 20000) {\n            break;\n        }\n        obj.pop();\n    }\n    return obj;\n}*/",
    "allowedEnvironment": "HOSTED",
    "accessibleByAll": "NotShared",
    "triggerAuthType": "URL_AUTH",
    "scriptStepType": "CUSTOM_HTTP",
    "inputs": [],
    "outputs": [
      {
        "id": "66653fd1-0040-4fd9-a887-df5083621479",
        "name": "app",
        "position": 0
      },
      {
        "id": "c460d2cd-8e4b-4163-bf4e-94564117e9ed",
        "name": "count",
        "position": 1
      },
      {
        "id": "68c07409-3b45-4a72-a437-56b06e26218b",
        "name": "dip",
        "position": 2
      },
      {
        "id": "1ae5c363-8571-4ba8-9a88-25e172a20d3e",
        "name": "dst_ip",
        "position": 3
      },
      {
        "id": "346dc389-bc24-492c-9a49-8e29ab53d3ac",
        "name": "end_time",
        "position": 4
      },
      {
        "id": "f7d44c23-57dc-4e52-a98c-d3220f9ab4c4",
        "name": "matching_policy",
        "position": 5
      },
      {
        "id": "7ac39cf9-025e-4c22-8a15-609ba775fe82",
        "name": "service",
        "position": 6
      },
      {
        "id": "d72a650d-b908-4c82-9b11-191f526a01e4",
        "name": "sgroups",
        "position": 7
      },
      {
        "id": "a6961d64-6cb3-4d12-bb21-5c05b9512f3d",
        "name": "sip",
        "position": 8
      },
      {
        "id": "f9e74022-2281-4657-8164-aed97ec2dec9",
        "name": "src_ip",
        "position": 9
      },
      {
        "id": "0dbce5a2-d3c0-4d04-911a-0d4e1dabffe2",
        "name": "start_time",
        "position": 10
      },
      {
        "id": "1908d7ae-b036-423c-aef1-18048634b05c",
        "name": "dLabels",
        "position": 11
      },
      {
        "id": "c532aa52-60e9-41e2-8f64-f86abb55c95a",
        "name": "dwlLabels",
        "position": 12
      },
      {
        "id": "e054ed4a-213c-4ae5-ada8-d783588414f3",
        "name": "sLabels",
        "position": 13
      },
      {
        "id": "c5ca2013-c705-4207-b923-2c811b6aad36",
        "name": "swlLabels",
        "position": 14
      },
      {
        "id": "c6a6a53f-3f6f-4d93-b350-2d3a98eb6f22",
        "name": "dwlLabels.AppFunc",
        "position": 15
      },
      {
        "id": "088efe3b-3dbf-4c7b-810a-3236a4ce724b",
        "name": "dwlLabels.AppID",
        "position": 16
      },
      {
        "id": "eb795999-a276-43c9-a0fe-e81efa10cebe",
        "name": "dwlLabels.AppName",
        "position": 17
      },
      {
        "id": "20cc1c5f-26b6-49c5-ba44-e32d1757ed40",
        "name": "dwlLabels.AppOwner",
        "position": 18
      },
      {
        "id": "1fbba29f-ce53-4f0f-b904-9667f50ac4ca",
        "name": "dwlLabels.Criticality",
        "position": 19
      },
      {
        "id": "3444ff28-8261-4954-a81f-c357244bf597",
        "name": "dwlLabels.PCI",
        "position": 20
      },
      {
        "id": "cd972d70-d533-40c9-9a37-1ff3fa48329b",
        "name": "dwlLabels.PII",
        "position": 21
      },
      {
        "id": "38dae7a8-8743-426a-be1c-5747ba3d4a0f",
        "name": "dwlLabels.QualysAgent",
        "position": 22
      },
      {
        "id": "5fc35cf1-8fdf-4cad-878b-192712fa75e4",
        "name": "dwlLabels.RTO",
        "position": 23
      },
      {
        "id": "9dadf8b1-8294-4c68-b063-0aa532e5b606",
        "name": "dwlLabels.Realm",
        "position": 24
      },
      {
        "id": "b8ac8336-c6ff-4f59-8c32-3b3defe4315a",
        "name": "dwlLabels.Region",
        "position": 25
      },
      {
        "id": "55c129fe-bc64-4610-b8e7-d1d164c6763c",
        "name": "dwlLabels.System",
        "position": 26
      },
      {
        "id": "8ae87f94-f8f4-4941-815e-79f89a290479",
        "name": "dwlLabels.TaniumAgent",
        "position": 27
      },
      {
        "id": "8142d35f-a97d-4de3-9b4d-eaa3176570db",
        "name": "swlLabels.AppFunc",
        "position": 28
      },
      {
        "id": "f59dc273-aef7-4b8e-8dbf-ea5bc76edc27",
        "name": "swlLabels.AppID",
        "position": 29
      },
      {
        "id": "26631a7e-8394-4c78-a5c9-705f1ca64438",
        "name": "swlLabels.AppName",
        "position": 30
      },
      {
        "id": "53335894-867c-41ba-8284-1a51d49dd54c",
        "name": "swlLabels.AppOwner",
        "position": 31
      },
      {
        "id": "a5723ebf-1886-416d-8de7-ebf47f4ceb02",
        "name": "swlLabels.Criticality",
        "position": 32
      },
      {
        "id": "cf13ba2c-7a01-46f9-a368-9da603e7831f",
        "name": "swlLabels.PCI",
        "position": 33
      },
      {
        "id": "4ee534fd-f89a-4ace-8891-2f2ccbe10e86",
        "name": "swlLabels.PII",
        "position": 34
      },
      {
        "id": "3e0df170-0f31-4b59-a9a7-3ea1865baf04",
        "name": "swlLabels.QualysAgent",
        "position": 35
      },
      {
        "id": "bf49c86c-8885-497e-b072-97c21ce84872",
        "name": "swlLabels.RTO",
        "position": 36
      },
      {
        "id": "cf73ebf1-fd52-4002-a00f-a8539de76da1",
        "name": "swlLabels.Realm",
        "position": 37
      },
      {
        "id": "fc11ae6b-4521-40a1-b7cf-b370b964d7cd",
        "name": "swlLabels.Region",
        "position": 38
      },
      {
        "id": "9a731134-5657-42d1-8a9e-0e0fae458d72",
        "name": "swlLabels.System",
        "position": 39
      },
      {
        "id": "4efe4de5-50c0-46f7-a8c9-0ebfe9d86579",
        "name": "swlLabels.TaniumAgent",
        "position": 40
      },
      {
        "id": "a11499ab-1887-41d2-97bb-0e6acee79794",
        "name": "matched_chain",
        "position": 41
      },
      {
        "id": "336695f6-751f-45a6-90ae-d4f3d3b2ece2",
        "name": "matched_rule",
        "position": 42
      }
    ],
    "libraries": []
  }
]