[
  {
    "id": "037b666f-1e50-4b97-916e-e8aac4395ffd",
    "name": "Inbound from vArmour",
    "description": "",
    "icon": "https://s3-xmatters-static.s3.amazonaws.com/null/customers/aa4ff4cd-06da-460c-b2d0-bb34ad66da69/IMAGE__20200805170434741__varmour.png",
    "script": "var payload = JSON.parse(request.body);\n\noutput['link'] = payload['url'];\noutput['new_flows_json']  = limit_size(payload['new_flows']);\noutput['missing_flows_json'] = limit_size(payload['missing_flows']);\noutput['targeted_recipients'] = payload['app_labels']['AppOwner'];\noutput['app_labels'] = payload['app_labels'];\n\n// These values come from the first object\nvar first_object = payload['new_flows'][0]\noutput['src_app'] = first_object['src_app'];\noutput['src_hostname'] = first_object['src_hostname'];\n\n// These values come from app_labels\noutput['AppOwner'] = payload['app_labels']['AppOwner'];\noutput['Region'] = payload['app_labels']['Region'];\noutput['Realm'] = payload['app_labels']['Realm'];\n\n// Limits the size of object to 20000 characters\nfunction limit_size(obj) {\n    while (true) {\n        var size = JSON.stringify(obj).length;\n        console.log(\"Current size: \" + size)\n        if (size < 20000) {\n            break;\n        }\n        obj.pop();\n    }\n    return obj;\n}",
    "allowedEnvironment": "HOSTED",
    "accessibleByAll": "NotShared",
    "triggerAuthType": "URL_AUTH",
    "scriptStepType": "CUSTOM_HTTP",
    "inputs": [],
    "outputs": [
      {
        "id": "66653fd1-0040-4fd9-a887-df5083621479",
        "name": "link",
        "position": 0
      },
      {
        "id": "c460d2cd-8e4b-4163-bf4e-94564117e9ed",
        "name": "new_flows_json",
        "position": 1
      },
      {
        "id": "68c07409-3b45-4a72-a437-56b06e26218b",
        "name": "missing_flows_json",
        "position": 2
      },
      {
        "id": "1ae5c363-8571-4ba8-9a88-25e172a20d3e",
        "name": "targeted_recipients",
        "position": 3
      },
      {
        "id": "346dc389-bc24-492c-9a49-8e29ab53d3ac",
        "name": "src_app",
        "position": 4
      },
      {
        "id": "f7d44c23-57dc-4e52-a98c-d3220f9ab4c4",
        "name": "src_hostname",
        "position": 5
      },
      {
        "id": "7ac39cf9-025e-4c22-8a15-609ba775fe82",
        "name": "app_labels",
        "position": 6
      },
      {
        "id": "d72a650d-b908-4c82-9b11-191f526a01e4",
        "name": "Region",
        "position": 7
      },
      {
        "id": "a6961d64-6cb3-4d12-bb21-5c05b9512f3d",
        "name": "Realm",
        "position": 8
      },
      {
        "id": "f9e74022-2281-4657-8164-aed97ec2dec9",
        "name": "AppOwner",
        "position": 9
      }
    ],
    "libraries": []
  },
  {
    "id": "46e1fd2b-e391-44f0-8ed7-7760085be70d",
    "name": "vArmour - Beautify Flows",
    "description": "Makes a table out of the flows",
    "icon": "https://s3-xmatters-static.s3.amazonaws.com/null/customers/aa4ff4cd-06da-460c-b2d0-bb34ad66da69/IMAGE__20200805170434741__varmour.png",
    "script": "new_flows = input['New Flows'];\n\nhtml = \"<table>\"\n\n// Make sure the times have enough space to look nice\n// colgroup is not currently allowed for xMatters. This would space out the columns better.\n// html += '<colgroup><col span=\"2\"><col span=\"2\" style=\"width: 100px\"><col span=\"2\"></colgroup>'\n\n// Header: src_app, dst_app, first_seen, last_seen, app (csv), app_cat (csv)\nhtml += \"<tr><th>src_app</th><th>dst_app</th><th>first_seen</th><th>last_seen</th><th>app (csv)</th><th>app_cat (csv)</th></tr>\"\n\nfor (var i = 0; i < new_flows.length; i++) {\n    flow_html = \"<tr>\";\n    \n    // Add values\n    flow_html += `<td>${new_flows[i].src_app}</td>`;\n    flow_html += `<td>${new_flows[i].dst_app}</td>`;\n    flow_html += `<td>${new_flows[i].first_seen.replace(/T/g, \" \")}</td>`;\n    flow_html += `<td>${new_flows[i].last_seen.replace(/T/g, \" \")}</td>`;\n    flow_html += `<td>${JSON.stringify(new_flows[i].app)}</td>`;\n    flow_html += `<td>${JSON.stringify(new_flows[i].app_cat)}</td>`;\n    \n    flow_html += \"</tr>\";\n    html += flow_html;\n}\n\nhtml += \"</table>\"\noutput['table'] = html;",
    "allowedEnvironment": "HOSTED",
    "accessibleByAll": "NotShared",
    "scriptStepType": "USER",
    "inputs": [
      {
        "id": "5f653446-20cd-46ba-b915-95aa4f1a6481",
        "name": "New Flows",
        "helpText": "",
        "defaultValue": "",
        "multiline": false,
        "required": true,
        "maxLength": 20000,
        "minLength": 0,
        "position": 0
      }
    ],
    "outputs": [
      {
        "id": "4aba73cf-9dec-49db-b308-eb5d2d0c155e",
        "name": "table",
        "position": 0
      }
    ],
    "libraries": []
  }
]